horizon_days,validation_year,method,train_target_max,first_validation_origin,rmse,mae,r2,n
1,2021,persistence,2020-12-31T00:00:00,2021-01-01T00:00:00,0.023392128305621672,0.01295833333333333,0.9299628157237668,360
1,2021,seasonal_climatology,2020-12-31T00:00:00,2021-01-01T00:00:00,0.09165180493130694,0.07481707647905461,-0.07515541636357437,360
1,2021,ridge,2020-12-31T00:00:00,2021-01-01T00:00:00,0.020074283509665787,0.013468024138134114,0.9484214285195558,360
1,2021,random_forest,2020-12-31T00:00:00,2021-01-01T00:00:00,0.02144215733004804,0.013343662304773999,0.9411527517699828,360
1,2022,persistence,2021-12-31T00:00:00,2022-01-01T00:00:00,0.037845254958634014,0.020081504702194355,0.8345435883746213,319
1,2022,seasonal_climatology,2021-12-31T00:00:00,2022-01-01T00:00:00,0.09908023551873121,0.078605908282509,-0.13405675813551743,319
1,2022,ridge,2021-12-31T00:00:00,2022-01-01T00:00:00,0.03318569958859697,0.018985380260739464,0.8727778632720905,319
1,2022,random_forest,2021-12-31T00:00:00,2022-01-01T00:00:00,0.031353274850237,0.017597986236282403,0.8864396951524383,319
7,2021,persistence,2020-12-31T00:00:00,2021-01-01T00:00:00,0.06700997058790648,0.050166666666666665,0.4382859528565891,354
7,2021,seasonal_climatology,2020-12-31T00:00:00,2021-01-01T00:00:00,0.09310272398464867,0.07597579834848431,-0.08432933070009163,354
7,2021,ridge,2020-12-31T00:00:00,2021-01-01T00:00:00,0.06161581448118043,0.0515120598848979,0.5250796082247486,354
7,2021,random_forest,2020-12-31T00:00:00,2021-01-01T00:00:00,0.0682303344762446,0.05323395744548703,0.4176401431646817,354
7,2022,persistence,2021-12-31T00:00:00,2022-01-01T00:00:00,0.07499225482560438,0.057026402640264026,0.380549642979352,303
7,2022,seasonal_climatology,2021-12-31T00:00:00,2022-01-01T00:00:00,0.09816619284037555,0.07668405293559961,-0.06144520642627582,303
7,2022,ridge,2021-12-31T00:00:00,2022-01-01T00:00:00,0.06733387490180852,0.056064607120050396,0.5006087837508668,303
7,2022,random_forest,2021-12-31T00:00:00,2022-01-01T00:00:00,0.07481408209344333,0.06138697014547325,0.38348962793549124,303
